{"stat.leaveGame":1,"stat.craftItem.4384":9,"stat.craftItem.4266":2,"stat.mineBlock.253":2,"stat.mineBlock.254":2,"stat.mineBlock.251":18,"stat.mineBlock.252":15,"stat.mineBlock.255":3,"stat.mineBlock.14":17,"stat.mineBlock.13":17,"stat.mineBlock.16":697,"stat.mineBlock.15":51,"stat.mineBlock.18":569,"stat.killEntity.PigZombie":1,"stat.mineBlock.17":1297,"stat.craftItem.5005":1,"stat.craftItem.6332":576,"stat.craftItem.5123":2,"stat.craftItem.4394":64,"stat.mineBlock.1096":3,"stat.mineBlock.1095":1,"stat.mineBlock.12":4,"stat.craftItem.1097":4,"stat.craftItem.1096":2,"stat.craftItem.1095":4,"stat.craftItem.4247":32,"stat.craftItem.5212":1,"stat.mineBlock.595":7,"stat.useItem.5102":3,"stat.craftItem.4360":4,"stat.mineBlock.477":4369,"stat.mineBlock.598":21,"stat.mineBlock.1082":3,"stat.mineBlock.597":9,"stat.mineBlock.1083":6,"stat.mineBlock.116":1,"stat.killEntity.entity_glyphid":73,"stat.mineBlock.1088":9,"stat.craftItem.5224":1,"stat.useItem.900":1,"stat.mineBlock.250":23,"stat.craftItem.5102":4,"stat.useItem.905":8,"stat.mineBlock.482":223,"stat.craftItem.906":7,"stat.useItem.5212":3,"stat.useItem.906":5,"stat.mineBlock.246":11,"stat.mineBlock.247":21,"stat.useItem.1095":1,"stat.mineBlock.244":10,"stat.useItem.1096":3,"stat.mineBlock.129":2,"stat.mineBlock.248":12,"stat.mineBlock.249":19,"stat.useItem.6017":15,"stat.useItem.6015":1632,"stat.mineBlock.1063":1,"stat.mineBlock.1064":1,"stat.mineBlock.1182":5,"stat.mineBlock.1068":54,"stat.mineBlock.1065":1,"stat.mineBlock.1066":1,"stat.killEntity.entity_glyphid_digger":2,"stat.craftItem.4194":4,"achievement.mineWood":752,"stat.mineBlock.1170":2,"stat.mineBlock.1050":19,"stat.useItem.87":3,"achievement.openInventory":1081,"stat.craftItem.4289":5,"stat.craftItem.4288":21,"stat.mineBlock.154":10,"stat.mineBlock.1161":2,"stat.useItem.98":130,"stat.mineBlock.1279":1,"stat.playOneMinute":589750,"stat.craftItem.4179":16,"stat.craftItem.4175":596,"stat.craftItem.4296":3,"stat.mineBlock.165":7,"stat.craftItem.4174":768,"stat.craftItem.4290":1,"stat.mineBlock.1151":2,"achievement.stratum":1,"stat.mineBlock.1033":1,"stat.useItem.631":2,"stat.craftItem.5075":2,"stat.killEntity.Ghast":1,"stat.craftItem.5070":8,"stat.useItem.1161":26,"stat.mineBlock.1145":2,"stat.mineBlock.1142":2,"stat.mineBlock.1138":2,"stat.useItem.642":54,"stat.fallOneCm":688438,"stat.useItem.765":40,"stat.useItem.1036":1,"stat.useItem.1033":2,"stat.useItem.5633":7247,"stat.useItem.5631":16509,"stat.useItem.1151":9,"stat.mineBlock.1133":1,"stat.craftItem.969":0,"achievement.radPoison":391,"stat.craftItem.880":25,"stat.killEntity.entity_mob_volatile_creeper":3,"stat.craftItem.5":2036,"stat.useItem.859":14,"stat.useItem.1147":1,"stat.useItem.5623":174,"stat.craftItem.5058":9,"stat.useItem.1145":13,"stat.mineBlock.1240":5,"stat.craftItem.876":4,"stat.mineBlock.1123":1,"stat.mineBlock.1120":6,"stat.mineBlock.1241":2,"stat.mineBlock.1121":7,"stat.mineBlock.1116":6,"stat.mineBlock.1235":2,"stat.mineBlock.1117":1,"stat.useItem.988":2,"stat.craftItem.5068":14,"stat.craftItem.988":0,"stat.useItem.951":7,"stat.useItem.1088":96,"stat.useItem.1083":6,"stat.useItem.6410":19,"stat.useItem.1082":7,"stat.mineBlock.1101":1,"stat.mineBlock.905":6,"stat.mineBlock.906":3,"stat.useItem.962":2,"stat.useItem.969":5,"stat.mineBlock.900":1,"stat.useItem.1190":28,"stat.mineBlock.1203":4,"stat.useItem.938":2,"stat.craftItem.5098":3,"stat.useItem.1068":491,"stat.useItem.1182":6,"stat.useItem.1":18,"stat.useItem.942":1,"stat.useItem.4":13,"stat.useItem.706":1,"stat.useItem.703":26,"stat.useItem.3":1,"stat.useItem.1054":17,"stat.craftItem.707":216,"stat.useItem.1050":249,"stat.useItem.1170":6,"stat.useItem.351":64,"stat.mineBlock.938":1,"stat.craftItem.5911":1,"stat.mineBlock.810":1,"stat.swimOneCm":10810,"stat.climbOneCm":5557,"stat.killEntity.entity_glyphid_blaster":14,"stat.mineBlock.702":1,"stat.mineBlock.700":2,"achievement.exploreAllBiomes":{"value":0,"progress":["Sunflower Plains","Birch Forest","Taiga M","Beach","Mega Taiga Hills","Extreme Hills+","River","Ocean","JungleEdge","Taiga","Mega Taiga","Birch Forest Hills","Outer Crater","ForestHills","Plains","Mega Spruce Taiga","TaigaHills","DesertHills","Jungle","Forest","JungleHills","Desert","Extreme Hills","Savanna","Hell","Deep Ocean"]},"stat.mineBlock.705":1,"stat.mineBlock.706":2,"stat.craftItem.4708":9,"stat.mineBlock.703":119,"stat.mineBlock.704":97,"stat.useItem.1422":1,"stat.mineBlock.4":5,"stat.mineBlock.3":7129,"stat.mineBlock.1":7886,"stat.mineBlock.910":2,"stat.flyOneCm":3642283,"stat.craftItem.1422":1,"stat.mineBlock.801":2,"stat.craftItem.1237":4,"stat.craftItem.1236":8,"stat.craftItem.1114":4,"stat.craftItem.4624":12,"stat.craftItem.1239":1,"stat.craftItem.1234":4,"stat.useItem.1241":14,"stat.useItem.1121":6,"petAchieve1":1,"stat.useItem.1242":2,"stat.useItem.1243":1,"stat.useItem.1123":2,"stat.mineBlock.730":44,"stat.mineBlock.731":72,"stat.useItem.1240":44,"stat.mineBlock.734":18,"stat.mineBlock.732":4,"stat.mineBlock.733":13,"stat.killEntity.Creeper":1,"stat.mineBlock.738":15,"stat.mineBlock.739":30,"stat.mineBlock.736":12,"stat.mineBlock.978":2,"stat.mineBlock.737":4,"stat.craftItem.5845":1,"stat.craftItem.4997":2,"stat.useItem.1117":2,"stat.craftItem.1241":52,"stat.craftItem.4630":3,"stat.craftItem.1240":48,"stat.useItem.1239":1,"stat.useItem.1234":18,"stat.craftItem.1123":0,"stat.useItem.1114":3,"stat.useItem.1235":2,"stat.useItem.4988":147,"stat.craftItem.1243":1,"stat.useItem.1236":6,"stat.craftItem.1242":2,"stat.useItem.1237":2,"stat.mineBlock.988":1,"stat.mineBlock.865":1,"stat.mineBlock.629":12,"stat.killEntity.entity_glyphid_bombardier":9,"stat.mineBlock.748":1,"stat.mineBlock.951":7,"stat.mineBlock.714":2,"stat.mineBlock.608":2,"stat.drop":885,"stat.useItem.786":33,"stat.craftItem.4977":1,"stat.mineBlock.962":2,"stat.mineBlock.602":8,"stat.mineBlock.600":53,"stat.mineBlock.969":2,"stat.mineBlock.606":5,"stat.diveOneCm":16568,"stat.mineBlock.726":24,"stat.killEntity.entity_glyphid_brawler":30,"stat.craftItem.4304":449,"stat.craftItem.1152":0,"stat.craftItem.1151":0,"stat.craftItem.1036":1,"stat.mineBlock.775":2,"stat.mineBlock.412":33,"stat.mineBlock.896":8,"stat.mineBlock.772":22,"stat.mineBlock.652":7,"stat.mineBlock.773":7,"stat.mineBlock.415":900,"stat.mineBlock.777":25,"stat.mineBlock.87":191,"stat.mineBlock.89":557,"stat.jump":1824,"stat.craftItem.4317":5,"stat.craftItem.1161":0,"stat.craftItem.4797":2,"stat.mineBlock.660":169,"stat.mineBlock.786":93,"stat.useItem.5198":1,"stat.mineBlock.669":5,"stat.mineBlock.427":6,"stat.mineBlock.787":6,"stat.mineBlock.788":10,"stat.mineBlock.98":57,"stat.mineBlock.428":2,"stat.mineBlock.429":1,"stat.mineBlock.69":2,"stat.craftItem.4404":42,"stat.craftItem.5852":2,"stat.craftItem.4401":148,"stat.craftItem.1132":1,"stat.damageTaken":71335,"stat.mineBlock.990":1,"stat.mineBlock.631":6,"stat.mineBlock.632":38,"stat.mineBlock.636":1,"stat.useItem.54":5,"stat.craftItem.4539":9,"stat.useItem.50":48,"stat.craftItem.4653":1,"stat.craftItem.5620":1,"stat.craftItem.4413":33,"stat.craftItem.4530":36,"stat.craftItem.4771":2,"stat.damageDealt":838141,"stat.mineBlock.647":4,"stat.mineBlock.765":2,"stat.mineBlock.644":1,"stat.mineBlock.766":76,"stat.mineBlock.73":28,"stat.useItem.154":27,"stat.walkOneCm":3483303,"stat.craftItem.265":768,"stat.craftItem.4222":2,"stat.mineBlock.451":10,"stat.mineBlock.691":10,"stat.mineBlock.450":3,"stat.mineBlock.455":9,"stat.mineBlock.453":17,"stat.craftItem.1190":0,"stat.mineBlock.458":2,"stat.mineBlock.50":22,"stat.mineBlock.106":74,"stat.mineBlock.54":6,"stat.mineBlock.56":2,"stat.mineBlock.24":3,"stat.killEntity.Skeleton":1,"stat.craftItem.4208":62,"stat.craftItem.5773":2,"stat.craftItem.4321":64,"stat.craftItem.5772":1,"stat.killEntity.Spider":1,"stat.mineBlock.791":1,"stat.craftItem.1050":256,"stat.craftItem.1170":0,"stat.mobKills":280,"stat.mineBlock.438":105,"stat.mineBlock.439":5,"stat.mineBlock.39":1,"stat.craftItem.4458":1,"stat.craftItem.1068":360,"stat.mineBlock.690":3,"stat.mineBlock.440":4,"stat.mineBlock.444":41,"stat.craftItem.1182":0,"stat.mineBlock.445":25,"stat.mineBlock.448":1,"stat.mineBlock.449":6,"stat.mineBlock.30":5,"stat.mineBlock.689":1,"stat.useItem.13":6,"stat.mineBlock.32":1,"stat.mineBlock.31":6}