{"stat.killEntity.entity_glyphid_brawler":29,"stat.walkOneCm":284430,"stat.craftItem.4745":5,"stat.playerKills":1,"stat.craftItem.5511":16,"stat.craftItem.1031":9,"stat.leaveGame":1,"stat.craftItem.5794":62,"petAchieve1":1,"stat.useItem.6015":362,"stat.craftItem.5031":2,"stat.mineBlock.772":12,"stat.mineBlock.773":1,"stat.mineBlock.779":189,"stat.killEntity.Creeper":2,"stat.craftItem.737":8,"stat.craftItem.4836":2,"stat.mineBlock.16":6,"stat.jump":178,"stat.swimOneCm":11415,"stat.craftItem.4911":1,"stat.fallOneCm":129782,"stat.craftItem.4795":1,"stat.craftItem.5485":0,"stat.craftItem.6015":1,"stat.killEntity.entity_glyphid_digger":1,"stat.useItem.5677":53,"stat.useItem.5631":13,"stat.killEntity.entity_glyphid_blaster":7,"stat.mineBlock.50":1,"achievement.exploreAllBiomes":{"value":0,"progress":["Outer Crater","DesertHills","Birch Forest","Roofed Forest","Extreme Hills+","River","Plains","Desert","Extreme Hills"]},"stat.craftItem.4708":319,"stat.killEntity.entity_glyphid_bombardier":32,"stat.craftItem.5219":1,"stat.craftItem.5774":1,"achievement.openInventory":93,"stat.craftItem.6300":1,"stat.mineBlock.162":1,"stat.damageTaken":5598,"stat.killEntity.Spider":1,"stat.mineBlock.1":3,"stat.craftItem.6381":2,"stat.killEntity.Enderman":1,"stat.mobKills":154,"stat.killEntity.entity_glyphid":79,"stat.craftItem.4737":3,"stat.flyOneCm":903221,"stat.deaths":2,"stat.drop":16,"stat.craftItem.5503":128,"stat.craftItem.4931":1,"stat.playOneMinute":79097,"stat.craftItem.4175":32,"stat.damageDealt":318984,"stat.killEntity.Zombie":2,"stat.useItem.5695":24,"stat.mineBlock.32":1,"stat.diveOneCm":1722}