{"stat.killEntity.entity_glyphid_brawler":185,"stat.walkOneCm":568728,"stat.entityKilledBy.entity_glyphid_blaster":1,"stat.leaveGame":10,"stat.mineBlock.693":3,"stat.mineBlock.772":165,"stat.mineBlock.773":20,"stat.killEntity.Creeper":2,"stat.jump":1772,"stat.swimOneCm":48124,"stat.fallOneCm":126452,"stat.climbOneCm":1605,"stat.useItem.5636":196,"stat.killEntity.entity_glyphid_digger":5,"stat.useItem.5676":18,"stat.mineBlock.782":8,"stat.mineBlock.783":5,"stat.killEntity.Squid":1,"stat.killEntity.entity_glyphid_blaster":33,"achievement.exploreAllBiomes":{"value":0,"progress":["Outer Crater","DesertHills","Birch Forest","Extreme Hills+","River","Desert","Extreme Hills"]},"stat.killEntity.entity_glyphid_bombardier":75,"stat.useItem.693":517,"stat.killEntity.Skeleton":12,"achievement.openInventory":145,"stat.useItem.5623":494,"stat.damageTaken":318496,"stat.killEntity.Spider":2,"stat.mineBlock.595":3,"stat.mineBlock.3":1,"stat.killEntity.Enderman":1,"stat.mobKills":1020,"stat.killEntity.entity_glyphid":193,"stat.mineBlock.79":1,"stat.flyOneCm":807128,"stat.deaths":4,"stat.drop":20,"stat.playOneMinute":190862,"stat.killEntity.Witch":2,"stat.useItem.3":1,"stat.killEntity.entity_glyphid_scout":3,"stat.damageDealt":2778616,"stat.killEntity.Zombie":17,"stat.mineBlock.32":2,"stat.mineBlock.606":13,"stat.diveOneCm":29168}