{"stat.killEntity.entity_glyphid_brawler":2,"stat.leaveGame":10,"stat.mineBlock.253":16,"stat.mineBlock.254":11,"stat.mineBlock.251":49,"stat.mineBlock.252":23,"stat.mineBlock.772":1,"stat.mineBlock.255":30,"stat.mineBlock.14":20,"stat.mineBlock.16":173,"stat.mineBlock.15":69,"stat.jump":604,"stat.swimOneCm":1665,"stat.fallOneCm":44996,"stat.climbOneCm":6820,"stat.craftItem.6332":441,"stat.useItem.5631":3175,"stat.mineBlock.427":31,"achievement.exploreAllBiomes":{"value":0,"progress":["Outer Crater","DesertHills","Birch Forest","Roofed Forest","Extreme Hills+","River","Desert","Extreme Hills"]},"stat.mineBlock.97":1,"stat.mineBlock.428":4,"stat.mineBlock.429":6,"stat.useItem.5623":41,"stat.damageTaken":5198,"stat.mineBlock.4":4,"stat.mineBlock.595":14,"stat.mineBlock.477":96,"stat.mineBlock.1":2253,"stat.killEntity.entity_glyphid":13,"stat.flyOneCm":136550,"stat.killEntity.Witch":1,"stat.mineBlock.250":49,"stat.damageDealt":101502,"stat.mineBlock.246":24,"stat.mineBlock.247":49,"stat.mineBlock.244":43,"stat.killEntity.Silverfish":9,"stat.mineBlock.129":3,"stat.mineBlock.248":49,"stat.mineBlock.73":102,"stat.mineBlock.249":21,"stat.mineBlock.1351":4,"stat.mineBlock.1345":2,"stat.walkOneCm":342029,"stat.playerKills":2,"stat.killEntity.Creeper":1,"stat.killEntity.entity_glyphid_bombardier":4,"stat.mineBlock.56":14,"stat.useItem.252":2,"stat.killEntity.Skeleton":4,"stat.killEntity.entity_mob_phosgene_creeper":1,"achievement.openInventory":108,"stat.killEntity.Spider":1,"stat.mobKills":74,"stat.mineBlock.21":2,"stat.drop":32,"stat.playOneMinute":78716,"stat.useItem.4":48,"stat.killEntity.Zombie":2}