{"stat.leaveGame":16,"stat.mineBlock.253":77,"stat.mineBlock.254":87,"stat.mineBlock.251":298,"stat.craftItem.4383":354,"stat.mineBlock.252":108,"stat.mineBlock.255":274,"stat.mineBlock.14":65,"stat.mineBlock.13":321,"stat.mineBlock.16":614,"stat.mineBlock.15":357,"stat.mineBlock.17":95,"stat.useItem.921":1,"stat.useItem.922":2,"stat.craftItem.4154":25,"stat.craftItem.5124":8,"stat.craftItem.6332":576,"stat.mineBlock.1092":2,"stat.mineBlock.12":5799,"stat.craftItem.4246":64,"stat.craftItem.5213":2,"stat.craftItem.5216":2,"stat.craftItem.5215":1,"stat.mineBlock.595":125,"stat.craftItem.4240":56,"stat.useItem.5102":21,"stat.craftItem.4360":3,"stat.mineBlock.477":280,"stat.mineBlock.1082":2,"stat.craftItem.1092":3,"stat.mineBlock.1083":7,"stat.killEntity.entity_glyphid":175,"stat.mineBlock.1088":4,"stat.craftItem.5103":20,"stat.craftItem.4259":384,"stat.craftItem.6434":60,"stat.mineBlock.250":211,"stat.craftItem.5102":4,"stat.useItem.5216":1,"stat.useItem.5215":13,"stat.mineBlock.482":11773,"stat.useItem.905":2,"stat.useItem.5213":12,"stat.useItem.906":8,"stat.mineBlock.246":158,"stat.mineBlock.247":200,"stat.useItem.5211":2,"stat.mineBlock.244":194,"stat.mineBlock.1190":1,"stat.mineBlock.129":2,"stat.mineBlock.248":149,"stat.useItem.1092":2,"stat.mineBlock.249":184,"stat.craftItem.4186":3,"stat.useItem.6017":9,"stat.craftItem.5151":8,"stat.useItem.6015":442,"stat.mineBlock.174":29,"stat.craftItem.4180":450,"stat.mineBlock.1068":41,"stat.craftItem.6015":1,"stat.craftItem.4197":192,"stat.killEntity.entity_glyphid_digger":1,"stat.craftItem.4194":4,"stat.craftItem.4193":64,"achievement.mineWood":85,"stat.mineBlock.1050":56,"stat.mineBlock.1054":12,"stat.killEntity.entity_mob_phosgene_creeper":1,"achievement.openInventory":1106,"stat.craftItem.4289":61,"stat.mineBlock.154":21,"stat.mineBlock.1283":1,"stat.mineBlock.1285":2,"stat.useItem.98":532,"stat.deaths":1,"stat.playOneMinute":626632,"stat.craftItem.4179":48,"stat.craftItem.4175":390,"stat.craftItem.4178":768,"stat.mineBlock.165":18,"stat.mineBlock.166":2,"stat.craftItem.4174":768,"achievement.stratum":1,"stat.useItem.5490":1,"stat.mineBlock.1032":1,"stat.mineBlock.1033":3,"stat.useItem.1169":1,"stat.useItem.1285":2,"stat.craftItem.739":64,"stat.useItem.1287":1,"stat.useItem.1040":9,"stat.useItem.1283":2,"stat.useItem.1042":6,"stat.mineBlock.1145":1,"stat.craftItem.737":64,"stat.fallOneCm":876506,"stat.useItem.1036":1,"stat.useItem.1032":7,"stat.useItem.5633":6842,"stat.useItem.1033":13,"stat.useItem.5631":65391,"stat.mineBlock.1132":1,"stat.craftItem.969":0,"achievement.radPoison":599,"stat.killEntity.entity_mob_volatile_creeper":1,"stat.craftItem.5":268,"stat.useItem.859":8,"stat.craftItem.6147":1,"stat.useItem.5623":310,"stat.craftItem.5054":35,"stat.useItem.1145":2,"stat.useItem.1024":4,"stat.craftItem.5050":144,"stat.craftItem.877":8,"stat.mineBlock.1123":1,"stat.mineBlock.1121":4,"stat.mineBlock.1114":1,"stat.mineBlock.1117":2,"stat.craftItem.872":128,"stat.craftItem.631":772,"stat.craftItem.5187":2,"stat.craftItem.5068":40,"stat.useItem.1132":1,"stat.craftItem.988":0,"stat.mineBlock.1351":6,"stat.useItem.951":17,"stat.useItem.952":5,"stat.useItem.953":13,"stat.useItem.714":5,"stat.useItem.5204":1,"stat.useItem.1088":4,"stat.useItem.839":4,"stat.useItem.1083":7,"stat.useItem.6410":10,"stat.useItem.1082":2,"stat.mineBlock.905":1,"stat.mineBlock.906":2,"stat.useItem.965":4,"stat.useItem.969":1,"stat.useItem.968":4,"stat.useItem.1199":1,"stat.useItem.5672":401,"stat.useItem.1190":50,"stat.craftItem.922":1,"stat.craftItem.839":0,"stat.useItem.938":6,"stat.useItem.1068":178,"stat.craftItem.951":9,"stat.craftItem.953":12,"stat.craftItem.714":2,"stat.useItem.1":53,"stat.useItem.700":11,"stat.useItem.4":84,"stat.useItem.947":10,"stat.useItem.3":1,"stat.useItem.1054":29,"stat.craftItem.707":12,"stat.useItem.1050":229,"stat.craftItem.704":226,"stat.mineBlock.938":1,"stat.craftItem.101":1184,"stat.craftItem.4941":10,"stat.craftItem.4940":9,"stat.craftItem.577":3,"stat.mineBlock.1413":1,"stat.craftItem.4833":10,"stat.swimOneCm":30899,"stat.mineBlock.1414":1,"stat.craftItem.4834":2,"stat.climbOneCm":6398,"achievement.buildWorkBench":2,"stat.killEntity.entity_glyphid_blaster":9,"stat.mineBlock.702":1,"stat.mineBlock.700":9,"achievement.exploreAllBiomes":{"value":0,"progress":["Outer Crater","Birch Forest","Roofed Forest","Plains","TaigaHills","DesertHills","Mega Taiga Hills","Extreme Hills+","River","Forest","Birch Forest Hills M","Desert","Taiga","Mega Taiga","Extreme Hills"]},"stat.mineBlock.947":6,"stat.craftItem.4708":768,"stat.mineBlock.706":2,"stat.mineBlock.704":162,"stat.mineBlock.918":1,"stat.craftItem.1413":1,"stat.craftItem.1414":53,"stat.mineBlock.4":126,"stat.mineBlock.3":551,"achievement.slimeball":7,"stat.mineBlock.1":48101,"stat.flyOneCm":2323137,"stat.craftItem.351":576,"stat.craftItem.353":64,"stat.useItem.1414":15,"stat.useItem.1413":2,"stat.killEntity.entity_glyphid_scout":1,"stat.mineBlock.800":1,"stat.mineBlock.921":1,"stat.mineBlock.801":3,"stat.mineBlock.922":1,"stat.mineBlock.802":2,"stat.craftItem.4623":128,"stat.craftItem.4625":2,"petAchieve1":1,"stat.useItem.1121":4,"stat.useItem.1123":1,"stat.killEntity.Creeper":20,"stat.craftItem.652":512,"stat.useItem.1117":2,"stat.craftItem.4630":0,"stat.craftItem.4995":1,"stat.craftItem.35":144,"stat.useItem.4985":1,"stat.useItem.4988":66,"stat.killEntity.entity_glyphid_bombardier":54,"stat.craftItem.1214":1,"stat.craftItem.1218":1,"stat.craftItem.42":49,"stat.craftItem.4721":12,"stat.mineBlock.951":10,"stat.mineBlock.952":5,"stat.mineBlock.953":6,"stat.mineBlock.714":3,"stat.craftItem.58":1,"stat.drop":784,"stat.craftItem.4736":3,"stat.craftItem.4615":4,"stat.useItem.1218":1,"stat.craftItem.5820":6,"stat.craftItem.54":1,"stat.killEntity.Zombie":15,"achievement.redRoom":1,"stat.mineBlock.606":4,"stat.diveOneCm":21061,"stat.mineBlock.968":4,"stat.craftItem.1159":6,"stat.killEntity.entity_glyphid_brawler":55,"stat.craftItem.4304":768,"stat.craftItem.5511":1904,"stat.craftItem.1032":14,"stat.craftItem.1031":0,"stat.craftItem.4663":6,"stat.craftItem.1036":1,"stat.craftItem.1033":26,"stat.killEntity.Slime":12,"stat.mineBlock.411":133,"stat.mineBlock.775":41,"stat.mineBlock.772":10,"stat.mineBlock.773":6,"stat.mineBlock.779":545,"stat.mineBlock.413":19,"stat.craftItem.173":367,"stat.craftItem.5405":4,"stat.jump":3510,"stat.craftItem.5407":1,"stat.craftItem.5528":8,"stat.craftItem.5406":1,"stat.craftItem.1285":0,"stat.craftItem.1283":1,"stat.craftItem.4797":1,"stat.craftItem.1040":1,"stat.craftItem.1287":1,"stat.craftItem.4793":0,"stat.mineBlock.782":2,"stat.mineBlock.783":8,"stat.mineBlock.427":237,"stat.mineBlock.98":237,"stat.mineBlock.428":55,"stat.mineBlock.429":26,"stat.craftItem.5979":1,"stat.craftItem.5736":6,"stat.craftItem.5978":1,"stat.craftItem.5852":1,"stat.craftItem.4642":1,"stat.craftItem.4883":2,"stat.craftItem.1132":1,"stat.damageTaken":66965,"stat.mineBlock.631":1,"stat.useItem.54":6,"stat.craftItem.4418":992,"stat.useItem.56":54,"stat.useItem.50":107,"stat.craftItem.4656":64,"stat.craftItem.4658":9,"stat.craftItem.5741":2,"stat.craftItem.5980":1,"stat.craftItem.1024":4,"stat.craftItem.5861":1,"stat.craftItem.4530":9,"stat.craftItem.5981":1,"stat.damageDealt":1377884,"stat.mineBlock.765":20,"stat.mineBlock.766":60,"stat.mineBlock.73":314,"stat.mineBlock.409":26,"stat.useItem.58":1,"stat.craftItem.263":605,"stat.useItem.154":43,"stat.walkOneCm":4493114,"stat.craftItem.265":768,"stat.craftItem.266":384,"stat.craftItem.5430":1,"stat.craftItem.1199":1,"stat.craftItem.5794":130,"stat.mineBlock.451":28,"stat.mineBlock.450":17,"stat.mineBlock.455":26,"stat.mineBlock.453":87,"stat.mineBlock.454":19,"stat.mineBlock.457":14,"stat.mineBlock.458":79,"stat.craftItem.374":9,"stat.craftItem.498":1,"stat.craftItem.5204":1,"stat.mineBlock.50":11,"stat.mineBlock.54":8,"stat.mineBlock.56":152,"stat.killEntity.Skeleton":13,"stat.craftItem.287":576,"stat.craftItem.4447":192,"stat.craftItem.4201":60,"stat.useItem.259":3,"stat.craftItem.5531":15,"stat.killEntity.Spider":7,"stat.craftItem.1050":128,"stat.mineBlock.794":1,"stat.mobKills":648,"stat.mineBlock.21":30,"stat.craftItem.154":4,"stat.craftItem.4576":772,"stat.craftItem.1068":712,"stat.mineBlock.448":6,"stat.mineBlock.449":62,"stat.useItem.13":1,"stat.mineBlock.31":15}